,Altajskij kraj,Amurskaja oblast',Arhangel'skaja obl. bez dannyh po Nenetskomu avt. okr.,Astrahanskaja oblast',Belgorodskaja oblast',Brjanskaja oblast',Vladimirskaja oblast',Volgogradskaja oblast',Vologodskaja oblast',Voronezhskaja oblast',g. Sevastopol',g. Moskva,g. Sankt-Peterburg,Evrejskaja avtonomnaja oblast',Zabajkal'skij kraj,Ivanovskaja oblast',Irkutskaja oblast',Kabardino-Balkarskaja Respublika,Kaliningradskaja oblast',Kaluzhskaja oblast',Kamchatskij kraj,Karachaevo-Cherkesskaja Respublika,Kemerovskaja oblast',Kirovskaja oblast',Kostromskaja oblast',Krasnodarskij kraj,Krasnojarskij kraj,Kurganskaja oblast',Kurskaja oblast',Leningradskaja oblast',Lipetskaja oblast',Magadanskaja oblast',Moskovskaja oblast',Murmanskaja oblast',Nenetskij avtonomnyj okrug (Arhangel'skaja oblast'),Nizhegorodskaja oblast',Novgorodskaja oblast',Novosibirskaja oblast',Omskaja oblast',Orenburgskaja oblast',Orlovskaja oblast',Penzenskaja oblast',Permskij kraj,Primorskij kraj,Pskovskaja oblast',Respublika Adygeja (Adygeja),Respublika Altaj,Respublika Bashkortostan,Respublika Burjatija,Respublika Dagestan,Respublika Ingushetija,Respublika Kalmykija,Respublika Karelija,Respublika Komi,Respublika Krym,Respublika Marij El,Respublika Mordovija,Respublika Saha (Jakutija),Respublika Severnaja Osetija - Alanija,Respublika Tatarstan (Tatarstan),Respublika Tyva,Respublika Hakasija,Rostovskaja oblast',Rjazanskaja oblast',Samarskaja oblast',Saratovskaja oblast',Sahalinskaja oblast',Sverdlovskaja oblast',Smolenskaja oblast',Stavropol'skij kraj,Tambovskaja oblast',Tverskaja oblast',Tomskaja oblast',Tul'skaja oblast',Tjumenskaja obl.bez dannyh po Hanty-Mansijskomu i Jamalo-Nenetskomu avt. okr.,Udmurtskaja Respublika,Ul'janovskaja oblast',Habarovskij kraj,Hanty-Mansijskij avtonomnyj okrug - Jugra (Tjumenskaja oblast'),Cheljabinskaja oblast',Chechenskaja Respublika,Chuvashskaja Respublika - Chuvashija,Chukotskij avtonomnyj okrug,Jamalo-Nenetskij avtonomnyj okrug (Tjumenskaja oblast'),Jaroslavskaja oblast'
2017-01-31,20302.0,32740.0,37493.0,24540.0,27550.0,22635.0,24681.0,25555.0,28067.0,25337.0,25463.0,61277.0,47436.0,30957.0,31220.0,20475.0,34262.0,19820.0,28509.0,30281.0,56970.0,21143.0,30129.0,22898.0,22282.0,27211.0,37056.0,22589.0,24478.0,35090.0,25658.0,60991.0,42751.0,47350.0,71636.0,26727.0,27193.0,30165.0,26733.0,25319.0,22172.0,23549.0,29522.0,34856.0,21169.0,21976.0,22655.0,26900.0,28660.0,18781.0,20669.0,20185.0,32761.0,40774.0,23836.0,20994.0,21981.0,53328.0,21179.0,29300.0,27699.0,31816.0,25432.0,25867.0,27594.0,22610.0,72157.0,32257.0,23948.0,23665.0,22292.0,24850.0,34091.0,28564.0,35547.0,25694.0,24134.0,39583.0,58626.0,29264.0,21928.0,21789.0,80093.0,80260.0,27766.0
2017-02-28,20091.0,33136.0,37097.0,25925.0,26693.0,22548.0,25356.0,25539.0,31091.0,25419.0,26095.0,67219.0,49864.0,31629.0,31085.0,20833.0,33813.0,20142.0,29254.0,30820.0,56797.0,21488.0,29666.0,22581.0,22179.0,27273.0,37080.0,22446.0,24765.0,36162.0,25188.0,66749.0,42350.0,48432.0,66525.0,28530.0,26200.0,30321.0,26669.0,25180.0,22298.0,23872.0,29841.0,34461.0,21239.0,22618.0,23978.0,26916.0,28821.0,19689.0,21078.0,21003.0,33792.0,41829.0,23861.0,22815.0,22087.0,55502.0,22066.0,29645.0,28650.0,31995.0,25708.0,26010.0,27257.0,23133.0,65057.0,32862.0,24545.0,23839.0,21441.0,25736.0,34641.0,28844.0,35936.0,26493.0,24069.0,39051.0,56903.0,29285.0,22825.0,21983.0,92452.0,82329.0,27890.0
2017-03-31,21817.0,35561.0,38003.0,27102.0,28213.0,23202.0,26488.0,26550.0,31794.0,27256.0,28144.0,72129.0,53271.0,33042.0,32973.0,22107.0,36820.0,20691.0,30429.0,32259.0,60183.0,22240.0,31704.0,24163.0,22958.0,29389.0,38755.0,23862.0,25375.0,37943.0,27005.0,66150.0,45688.0,48875.0,71920.0,29290.0,28384.0,32409.0,29479.0,26604.0,23825.0,25875.0,31884.0,36218.0,22565.0,23581.0,23755.0,28093.0,32115.0,20531.0,21312.0,21751.0,35118.0,44340.0,25005.0,26816.0,24134.0,59395.0,22413.0,31543.0,29528.0,32466.0,27392.0,27246.0,29212.0,23960.0,67988.0,34061.0,25410.0,25449.0,23239.0,26353.0,36167.0,30681.0,39825.0,27216.0,25406.0,41693.0,64635.0,31040.0,23281.0,23506.0,92136.0,86741.0,29505.0
2017-04-30,21953.0,35184.0,39140.0,30942.0,28062.0,23591.0,27155.0,27104.0,29647.0,28035.0,26259.0,77694.0,53261.0,33862.0,33237.0,22066.0,36344.0,21188.0,31210.0,32690.0,66878.0,22187.0,31713.0,24217.0,24458.0,29526.0,41472.0,24048.0,27293.0,38199.0,28908.0,74258.0,45133.0,51789.0,76616.0,30301.0,27903.0,32484.0,29579.0,27125.0,24004.0,25470.0,32565.0,36660.0,22747.0,23029.0,24670.0,29140.0,31307.0,20253.0,21346.0,22046.0,34788.0,45475.0,25284.0,23617.0,23604.0,59357.0,22602.0,31874.0,29649.0,33544.0,28045.0,28264.0,30215.0,24027.0,66901.0,34662.0,26158.0,25750.0,23125.0,27063.0,37669.0,30602.0,40912.0,28218.0,25353.0,41858.0,64768.0,32335.0,22768.0,23592.0,94719.0,110636.0,29847.0
2017-05-31,22504.0,37522.0,42973.0,28013.0,28444.0,25192.0,27799.0,28162.0,31055.0,28144.0,25659.0,69460.0,52269.0,35518.0,34905.0,23239.0,40528.0,21219.0,31157.0,33191.0,77043.0,22763.0,33701.0,24900.0,23730.0,31297.0,43786.0,26561.0,27126.0,38796.0,28153.0,79959.0,46479.0,56704.0,84418.0,30865.0,29380.0,33417.0,30914.0,29285.0,25012.0,27047.0,32767.0,38986.0,24331.0,24773.0,26925.0,31983.0,32161.0,22383.0,22760.0,24551.0,35265.0,49622.0,26323.0,28832.0,24727.0,68590.0,23598.0,33377.0,33546.0,34701.0,28247.0,30923.0,32260.0,25070.0,70052.0,35985.0,26145.0,25992.0,25300.0,27704.0,43232.0,31040.0,43525.0,30134.0,26255.0,43023.0,74159.0,32727.0,22874.0,24743.0,94997.0,105617.0,31069.0
2017-06-30,23720.0,38798.0,44612.0,31518.0,29732.0,26351.0,29618.0,29367.0,32383.0,29438.0,28166.0,77565.0,57421.0,36260.0,37926.0,25486.0,39270.0,22362.0,32409.0,35017.0,69550.0,24771.0,35087.0,26795.0,24431.0,31628.0,42070.0,27260.0,28468.0,39752.0,29029.0,74064.0,50606.0,53498.0,79706.0,31479.0,29964.0,35247.0,31308.0,28204.0,26716.0,27320.0,33877.0,39799.0,24841.0,25922.0,29837.0,30743.0,35260.0,25473.0,25115.0,25531.0,37516.0,48592.0,30577.0,27014.0,26208.0,67493.0,26695.0,33433.0,36490.0,36730.0,29759.0,30679.0,32021.0,25546.0,69271.0,37439.0,28302.0,27813.0,25680.0,29182.0,40517.0,33022.0,42619.0,30703.0,26809.0,44454.0,73340.0,34305.0,23661.0,26974.0,94374.0,93377.0,31883.0
2017-07-31,22389.0,36266.0,39698.0,28204.0,29299.0,23865.0,27443.0,27042.0,30249.0,28207.0,26173.0,70820.0,53586.0,33426.0,33056.0,22764.0,36120.0,22138.0,30769.0,33583.0,65186.0,23213.0,31708.0,24743.0,24230.0,30413.0,38872.0,24772.0,26538.0,38863.0,28908.0,71786.0,44976.0,50401.0,68250.0,29063.0,29845.0,31346.0,28771.0,26768.0,23781.0,27154.0,31185.0,38032.0,22973.0,22624.0,23703.0,29431.0,30414.0,22053.0,22586.0,21126.0,34188.0,43591.0,26065.0,24657.0,24667.0,56309.0,22590.0,30849.0,24702.0,31993.0,28058.0,28625.0,29877.0,23921.0,69281.0,33061.0,25305.0,27672.0,23432.0,26576.0,36728.0,31037.0,41095.0,28049.0,25972.0,42679.0,63000.0,32037.0,21584.0,23305.0,91136.0,86971.0,29367.0
2017-08-31,22048.0,36190.0,37768.0,29860.0,28578.0,24042.0,27595.0,27202.0,31023.0,27626.0,25178.0,67655.0,51571.0,32016.0,32075.0,21817.0,35461.0,20980.0,30544.0,33545.0,63761.0,21480.0,32344.0,24098.0,23866.0,30310.0,38092.0,24529.0,26308.0,38348.0,27225.0,67694.0,44034.0,45327.0,69106.0,29199.0,29021.0,30777.0,28345.0,27129.0,23654.0,27487.0,31027.0,35442.0,22160.0,22766.0,23099.0,30187.0,28475.0,20509.0,20391.0,22326.0,31332.0,44142.0,24775.0,24737.0,24864.0,51826.0,21189.0,31448.0,25024.0,32197.0,27066.0,28581.0,29065.0,23980.0,66616.0,32050.0,25006.0,26773.0,23733.0,25756.0,37351.0,30535.0,38767.0,28203.0,25147.0,39305.0,58867.0,30997.0,21125.0,23785.0,85139.0,84205.0,28815.0
2017-09-30,22946.0,37324.0,39557.0,28674.0,29075.0,24244.0,27881.0,27391.0,31107.0,27940.0,27043.0,69122.0,52605.0,34059.0,36085.0,23181.0,36386.0,22515.0,30628.0,33840.0,65100.0,22314.0,31565.0,24715.0,23644.0,30592.0,39728.0,25640.0,27051.0,38069.0,27674.0,74798.0,45655.0,48116.0,68852.0,29303.0,29049.0,32090.0,29818.0,27226.0,24301.0,26297.0,31420.0,36909.0,22606.0,23601.0,26301.0,29866.0,30382.0,23005.0,21421.0,22594.0,33227.0,42993.0,26385.0,25235.0,25358.0,57589.0,23134.0,31486.0,28951.0,33562.0,27653.0,28565.0,29567.0,24183.0,67074.0,32670.0,25886.0,26787.0,23611.0,27155.0,36840.0,31183.0,39068.0,29405.0,25693.0,41355.0,67116.0,31713.0,24168.0,24273.0,86424.0,81841.0,29446.0
2017-10-31,22609.0,38658.0,39206.0,28053.0,29332.0,23990.0,27591.0,27302.0,31629.0,28686.0,25827.0,69847.0,53874.0,34915.0,34596.0,22939.0,37749.0,22328.0,30495.0,33874.0,67622.0,22507.0,32191.0,24810.0,24350.0,30377.0,40134.0,25657.0,27333.0,38568.0,29434.0,72966.0,46271.0,48865.0,68903.0,29402.0,28504.0,32574.0,30341.0,26661.0,24052.0,26380.0,31347.0,36782.0,22241.0,23741.0,24826.0,30035.0,31792.0,20308.0,20667.0,23217.0,33242.0,43058.0,25879.0,24756.0,25150.0,59014.0,22611.0,32277.0,35262.0,35184.0,27978.0,28655.0,30042.0,24259.0,65735.0,33686.0,26219.0,26975.0,24281.0,26879.0,36714.0,30732.0,40237.0,29325.0,26010.0,42085.0,61508.0,32600.0,21729.0,24675.0,87082.0,82769.0,30652.0
2017-11-30,22955.0,39636.0,41192.0,28892.0,28758.0,24459.0,28094.0,28222.0,31771.0,29328.0,27456.0,70993.0,54353.0,34599.0,36153.0,23167.0,37917.0,23352.0,31166.0,35055.0,64025.0,22732.0,32060.0,25040.0,24673.0,30283.0,40633.0,25022.0,27556.0,38912.0,27886.0,90083.0,47005.0,50114.0,71438.0,29883.0,29028.0,33371.0,30914.0,27383.0,24418.0,26463.0,31983.0,38196.0,22964.0,25273.0,24997.0,30620.0,33400.0,21522.0,21914.0,23703.0,34476.0,44748.0,25795.0,27401.0,25282.0,61171.0,24129.0,32358.0,29987.0,34078.0,27910.0,28941.0,30242.0,24478.0,66271.0,33623.0,26571.0,27586.0,24203.0,27504.0,38346.0,31401.0,40715.0,30005.0,25872.0,43461.0,59552.0,32512.0,22464.0,25050.0,90166.0,81481.0,31425.0
2017-12-31,29469.0,47361.0,50050.0,39893.0,35191.0,28817.0,34387.0,35311.0,39332.0,34644.0,37454.0,104052.0,72342.0,43950.0,45359.0,29994.0,45928.0,29499.0,38330.0,42472.0,84855.0,30021.0,41308.0,30914.0,30533.0,38173.0,52242.0,31571.0,34474.0,46501.0,36601.0,98211.0,58944.0,67949.0,92879.0,43005.0,35746.0,41839.0,39179.0,32925.0,31670.0,32008.0,42193.0,49466.0,30042.0,30752.0,35026.0,37694.0,42296.0,27056.0,25765.0,29793.0,43397.0,56351.0,31975.0,31527.0,30828.0,94353.0,36407.0,41842.0,39582.0,43664.0,35308.0,37500.0,36519.0,31403.0,81689.0,41646.0,32854.0,34549.0,30008.0,33852.0,48267.0,37671.0,53559.0,36307.0,33472.0,54656.0,93660.0,38246.0,29138.0,31037.0,122231.0,102750.0,38377.0
2018-01-31,22546.0,37846.0,41784.0,29138.0,29298.0,24556.0,27939.0,28748.0,32680.0,27971.0,28032.0,70251.0,58598.0,35292.0,35272.0,23300.0,37960.0,23826.0,29171.0,34182.0,61739.0,23653.0,33384.0,25163.0,25459.0,30617.0,40617.0,25548.0,27684.0,39078.0,28966.0,73311.0,46410.0,52351.0,80362.0,28980.0,30349.0,32863.0,30435.0,27499.0,24413.0,24571.0,32009.0,38358.0,23175.0,24648.0,26437.0,30190.0,32318.0,21699.0,23362.0,23635.0,34733.0,46073.0,26345.0,24953.0,23958.0,60825.0,24234.0,32165.0,30713.0,34525.0,27594.0,29120.0,30286.0,25275.0,75310.0,33809.0,26457.0,26343.0,24008.0,27300.0,37858.0,31840.0,40176.0,27628.0,26714.0,43157.0,64152.0,32960.0,23807.0,24333.0,90105.0,88232.0,31460.0
2018-02-28,23071.0,38308.0,42245.0,31863.0,29456.0,25261.0,28165.0,28483.0,36050.0,29019.0,27773.0,80183.0,57409.0,35792.0,36133.0,23488.0,38523.0,25161.0,29950.0,34436.0,62621.0,23449.0,34144.0,25316.0,26823.0,30983.0,41566.0,25510.0,28228.0,40790.0,28933.0,79060.0,46669.0,54678.0,72467.0,30999.0,28904.0,33371.0,30446.0,28832.0,24868.0,25197.0,32754.0,38312.0,25740.0,24796.0,26889.0,30411.0,31967.0,23166.0,25096.0,24040.0,37141.0,47717.0,26716.0,25273.0,24763.0,60157.0,25885.0,31889.0,31159.0,34754.0,28204.0,29179.0,30368.0,25518.0,69341.0,34438.0,27181.0,27110.0,24059.0,28416.0,38982.0,32167.0,39990.0,29435.0,26462.0,43302.0,64542.0,32680.0,24340.0,24508.0,93981.0,91312.0,31542.0
2018-03-31,24156.0,40591.0,42543.0,30643.0,30092.0,25773.0,29544.0,29126.0,34305.0,29661.0,29894.0,84081.0,60343.0,37680.0,37039.0,24581.0,41203.0,25143.0,31326.0,37353.0,69777.0,24215.0,36218.0,26564.0,26242.0,32501.0,43029.0,26622.0,28002.0,41983.0,30475.0,79073.0,50117.0,54275.0,80396.0,32399.0,30069.0,34534.0,33744.0,29222.0,25747.0,25324.0,34480.0,40676.0,25398.0,25592.0,28382.0,31655.0,34596.0,23900.0,25999.0,24662.0,37272.0,49005.0,28645.0,26591.0,25775.0,64904.0,26361.0,33179.0,33537.0,36508.0,29435.0,30380.0,32258.0,25644.0,71124.0,35337.0,27209.0,27123.0,24947.0,28963.0,40399.0,33163.0,44843.0,30689.0,27400.0,44122.0,72917.0,34149.0,24999.0,25913.0,99784.0,96772.0,32819.0
2018-04-30,24330.0,40202.0,44022.0,32493.0,31478.0,26218.0,29425.0,30383.0,33480.0,31559.0,29279.0,89318.0,59576.0,37005.0,37861.0,24353.0,40437.0,25679.0,32445.0,36773.0,76748.0,24856.0,36179.0,26681.0,27323.0,32857.0,44854.0,26502.0,29871.0,41987.0,32654.0,84660.0,49692.0,58878.0,82561.0,32936.0,30312.0,34735.0,33033.0,29283.0,26084.0,26580.0,35247.0,40641.0,25312.0,25841.0,28406.0,32087.0,35490.0,23383.0,25004.0,25063.0,36203.0,49831.0,28675.0,26029.0,25586.0,63709.0,25744.0,34863.0,33132.0,36263.0,30238.0,31478.0,32699.0,26364.0,70910.0,35911.0,28850.0,27697.0,24840.0,30045.0,40935.0,33888.0,44396.0,30836.0,27327.0,45197.0,67551.0,34554.0,24565.0,26019.0,101383.0,112884.0,32939.0
2018-05-31,25136.0,42394.0,46884.0,36459.0,31179.0,29552.0,31177.0,30626.0,35221.0,31015.0,29575.0,81064.0,57190.0,39901.0,39618.0,25712.0,44734.0,25441.0,32033.0,37350.0,82355.0,24742.0,37711.0,27874.0,26769.0,34476.0,48057.0,29707.0,30324.0,42887.0,31286.0,94497.0,50614.0,61059.0,92880.0,33395.0,32244.0,34884.0,34203.0,32388.0,27434.0,28501.0,36134.0,43384.0,27177.0,27833.0,31422.0,35213.0,36971.0,25289.0,28625.0,27363.0,39421.0,55830.0,29257.0,27724.0,26560.0,77581.0,27020.0,35935.0,35039.0,39885.0,30125.0,33950.0,35327.0,27254.0,78171.0,38730.0,29110.0,29077.0,27935.0,30530.0,45680.0,34237.0,48590.0,33742.0,27757.0,48744.0,78191.0,35424.0,26590.0,26912.0,105183.0,117682.0,34039.0
2018-06-30,26860.0,42320.0,49843.0,35577.0,31947.0,29210.0,33806.0,31607.0,37364.0,32823.0,32704.0,90094.0,62619.0,40316.0,42567.0,27860.0,43641.0,28313.0,32906.0,39068.0,71677.0,27025.0,39691.0,29617.0,29792.0,34643.0,47409.0,29507.0,31595.0,43270.0,32512.0,83997.0,53862.0,60608.0,94038.0,33900.0,32309.0,37432.0,34860.0,31207.0,29001.0,29892.0,37067.0,44395.0,28181.0,29027.0,35501.0,32991.0,41474.0,28158.0,28766.0,29049.0,43470.0,51938.0,33425.0,30558.0,27586.0,72545.0,30084.0,35312.0,43788.0,43094.0,32084.0,33763.0,34587.0,27788.0,75923.0,40338.0,31072.0,30453.0,28336.0,32627.0,44975.0,35545.0,45961.0,33858.0,28566.0,49495.0,76795.0,36402.0,26116.0,29064.0,99984.0,98366.0,35359.0
2018-07-31,25774.0,41071.0,44142.0,32541.0,32422.0,26892.0,31565.0,29760.0,34525.0,31283.0,29965.0,80999.0,59604.0,38416.0,37872.0,25033.0,40679.0,23490.0,32579.0,37416.0,69386.0,25464.0,35989.0,27576.0,27816.0,33091.0,42929.0,27400.0,28767.0,43055.0,32574.0,83895.0,48953.0,57718.0,79095.0,31529.0,31303.0,33850.0,31965.0,30100.0,26584.0,29034.0,34319.0,41824.0,25998.0,25613.0,28349.0,32292.0,34547.0,24023.0,23744.0,23353.0,37575.0,49588.0,28106.0,26960.0,27432.0,61016.0,26784.0,33761.0,28667.0,37683.0,30606.0,31130.0,34052.0,26209.0,74850.0,37805.0,28576.0,29132.0,25498.0,29707.0,39464.0,33869.0,44031.0,31147.0,27248.0,47550.0,67599.0,34271.0,25389.0,26178.0,97955.0,91308.0,32961.0
2018-08-31,25091.0,41516.0,41533.0,34133.0,31603.0,27095.0,31511.0,29490.0,34969.0,30613.0,29004.0,77618.0,56100.0,36889.0,35681.0,24941.0,39662.0,22873.0,31433.0,36357.0,72891.0,23947.0,36727.0,26974.0,27077.0,33238.0,41219.0,26981.0,29124.0,42796.0,31107.0,75896.0,47837.0,51621.0,83628.0,31692.0,30833.0,33256.0,31305.0,30452.0,26820.0,29404.0,34257.0,39480.0,26075.0,26514.0,28445.0,33028.0,32332.0,22886.0,23499.0,24802.0,36305.0,48173.0,27790.0,27056.0,26964.0,57252.0,24349.0,33894.0,29420.0,38803.0,29480.0,31641.0,33273.0,26075.0,73389.0,36471.0,28727.0,29001.0,26024.0,29574.0,38350.0,33662.0,42635.0,31039.0,27496.0,45016.0,65065.0,33775.0,25148.0,26882.0,91654.0,90869.0,32236.0
2018-09-30,25657.0,41825.0,43770.0,32219.0,30910.0,26485.0,31432.0,29075.0,34378.0,30525.0,30972.0,77274.0,57331.0,38349.0,39949.0,25109.0,40552.0,23948.0,31424.0,36764.0,72423.0,24455.0,36677.0,27117.0,27399.0,33537.0,42988.0,27085.0,28913.0,41321.0,30129.0,82790.0,49900.0,52770.0,75788.0,31170.0,29797.0,34002.0,32309.0,29777.0,26295.0,28668.0,33714.0,40566.0,26677.0,26717.0,31029.0,32478.0,35038.0,24314.0,24288.0,26164.0,37505.0,46950.0,28465.0,27388.0,26168.0,64605.0,25351.0,34117.0,36067.0,39113.0,30224.0,31124.0,32852.0,26102.0,73316.0,36787.0,28925.0,27769.0,25588.0,29613.0,38643.0,33274.0,43486.0,31587.0,27511.0,46521.0,71580.0,33873.0,25622.0,26667.0,91482.0,86013.0,32685.0
2018-10-31,25621.0,42989.0,44331.0,32172.0,31823.0,26892.0,31423.0,29391.0,35481.0,31238.0,30242.0,79151.0,57951.0,38440.0,38935.0,25364.0,42229.0,24427.0,32242.0,37687.0,69673.0,24478.0,37462.0,27376.0,26731.0,33310.0,44287.0,27018.0,30030.0,42561.0,32515.0,80198.0,50565.0,55979.0,76499.0,32514.0,30336.0,34783.0,32409.0,29633.0,26774.0,29424.0,34439.0,41133.0,26696.0,26665.0,30548.0,32857.0,36092.0,23938.0,24314.0,25616.0,38505.0,47680.0,28422.0,27151.0,26355.0,65158.0,25488.0,34867.0,42854.0,37358.0,30634.0,31138.0,33615.0,26409.0,73043.0,36222.0,28893.0,28340.0,26206.0,30278.0,39336.0,33455.0,43910.0,31037.0,27984.0,46352.0,64575.0,34984.0,25745.0,26658.0,94265.0,86532.0,33427.0
2018-11-30,25960.0,43156.0,45125.0,32166.0,31163.0,27403.0,31647.0,30097.0,36081.0,31286.0,31008.0,78946.0,58310.0,39797.0,40728.0,26053.0,42921.0,25318.0,32473.0,38005.0,71553.0,25699.0,37857.0,27580.0,27948.0,33258.0,44692.0,27887.0,30125.0,42434.0,30775.0,101662.0,50135.0,56005.0,77277.0,32973.0,30820.0,36048.0,32013.0,29892.0,26834.0,30112.0,34809.0,42026.0,27339.0,27455.0,30748.0,33137.0,37867.0,24550.0,25663.0,25719.0,39755.0,48316.0,28400.0,28232.0,26999.0,65881.0,26108.0,35722.0,35619.0,37949.0,30647.0,31192.0,33086.0,26555.0,73261.0,37605.0,29566.0,28256.0,26754.0,30764.0,39707.0,33933.0,43729.0,31990.0,27927.0,46583.0,62555.0,34944.0,26108.0,27028.0,96930.0,86560.0,33882.0
2018-12-31,32187.0,55112.0,55302.0,44757.0,37577.0,32255.0,38009.0,37777.0,42640.0,38213.0,44137.0,113988.0,77666.0,50289.0,55264.0,32361.0,50484.0,32622.0,41466.0,47151.0,94708.0,32014.0,47370.0,33453.0,33880.0,40807.0,56393.0,33553.0,36428.0,49562.0,39991.0,114299.0,63912.0,75413.0,97556.0,42519.0,37973.0,43693.0,40256.0,37850.0,33424.0,33342.0,47484.0,54262.0,34584.0,30975.0,40025.0,39746.0,47040.0,31862.0,29843.0,33855.0,48854.0,60455.0,36027.0,33768.0,32749.0,95887.0,34143.0,45310.0,47017.0,48428.0,38033.0,39222.0,40651.0,32575.0,92819.0,47242.0,37307.0,35677.0,33252.0,37769.0,50550.0,41198.0,55663.0,36936.0,35715.0,57294.0,95941.0,42401.0,32599.0,34105.0,120155.0,113624.0,41869.0
2019-01-31,23941.0,42594.0,45256.0,32429.0,31858.0,26826.0,31220.0,29684.0,35050.0,30414.0,29865.0,79680.0,56586.0,38017.0,38652.0,24711.0,41803.0,25157.0,30775.0,37274.0,67404.0,25032.0,38953.0,27406.0,28483.0,32756.0,48725.0,27616.0,30361.0,42094.0,31009.0,79877.0,51068.0,55929.0,83535.0,32998.0,30623.0,33881.0,31486.0,29874.0,26451.0,27496.0,34035.0,41711.0,26469.0,26915.0,28848.0,32248.0,34981.0,24083.0,25006.0,25542.0,38908.0,49205.0,28117.0,26938.0,25888.0,62863.0,26058.0,34407.0,35918.0,35807.0,29599.0,30488.0,32399.0,26047.0,84593.0,37210.0,28623.0,26937.0,25794.0,30517.0,38787.0,34211.0,42425.0,31144.0,27837.0,46214.0,66308.0,33803.0,25024.0,26271.0,95747.0,91442.0,32895.0
2019-02-28,24613.0,42298.0,45282.0,32546.0,30680.0,26752.0,29984.0,30136.0,37844.0,30767.0,30525.0,85370.0,58625.0,39054.0,39018.0,24875.0,41502.0,25030.0,31886.0,36868.0,67858.0,24380.0,38278.0,27303.0,26415.0,32575.0,48445.0,27310.0,29600.0,42869.0,30458.0,81942.0,50612.0,57704.0,77082.0,32041.0,29450.0,34778.0,31426.0,29847.0,26692.0,27590.0,33932.0,41864.0,26803.0,27214.0,29914.0,32332.0,34446.0,25160.0,25319.0,25691.0,40103.0,48865.0,28799.0,27259.0,25900.0,63938.0,25427.0,34002.0,35430.0,35571.0,30392.0,30437.0,32753.0,26104.0,79555.0,38084.0,29074.0,27941.0,25530.0,30855.0,39037.0,34215.0,43174.0,31185.0,27855.0,45852.0,65384.0,34167.0,25883.0,26203.0,104359.0,92193.0,32424.0
2019-03-31,26150.0,45158.0,45358.0,33297.0,32927.0,27730.0,30957.0,30806.0,39229.0,32715.0,34244.0,95179.0,64413.0,40499.0,40579.0,26449.0,45086.0,25503.0,33784.0,39578.0,71698.0,25261.0,41342.0,28365.0,32675.0,34413.0,62846.0,28372.0,30119.0,45187.0,37517.0,82096.0,54442.0,58227.0,81917.0,34735.0,30893.0,37194.0,35026.0,31129.0,27957.0,28438.0,36919.0,44284.0,28260.0,28182.0,30758.0,34996.0,37334.0,26195.0,27313.0,26525.0,41257.0,51055.0,31263.0,29578.0,27262.0,70195.0,27284.0,35335.0,37273.0,38916.0,32107.0,31731.0,34726.0,27452.0,81241.0,39128.0,29831.0,30019.0,27205.0,31322.0,42527.0,36176.0,49636.0,31957.0,29145.0,47393.0,73415.0,35697.0,26478.0,28229.0,100392.0,96391.0,34850.0
2019-04-30,27027.0,45418.0,48200.0,37593.0,33617.0,29056.0,31668.0,32264.0,37228.0,33633.0,33105.0,102907.0,63555.0,40276.0,41468.0,26455.0,44436.0,26603.0,33827.0,40955.0,76721.0,25949.0,40841.0,29318.0,33489.0,35663.0,49334.0,29403.0,32575.0,46062.0,35132.0,93977.0,55097.0,64327.0,86861.0,35952.0,31305.0,38070.0,34617.0,31494.0,28574.0,29468.0,37721.0,44914.0,28485.0,28802.0,32063.0,35841.0,37949.0,26575.0,26614.0,27110.0,41080.0,54801.0,31815.0,28674.0,27549.0,68985.0,27568.0,36837.0,36810.0,39745.0,32769.0,33809.0,35408.0,28428.0,81263.0,40168.0,31141.0,30784.0,27528.0,32642.0,43029.0,37377.0,47124.0,33386.0,29981.0,48112.0,70582.0,37392.0,26595.0,28869.0,111164.0,117691.0,35066.0
2019-05-31,27822.0,48145.0,51182.0,35852.0,33899.0,32207.0,32636.0,33079.0,38708.0,32906.0,33326.0,89045.0,60752.0,43862.0,43641.0,27159.0,49532.0,27849.0,33838.0,40335.0,93423.0,26733.0,42339.0,30267.0,30134.0,37332.0,48155.0,32227.0,32089.0,46562.0,33528.0,106219.0,55197.0,68241.0,99487.0,35355.0,32180.0,37950.0,36127.0,35200.0,29841.0,31291.0,38887.0,47581.0,30101.0,30124.0,34081.0,37403.0,39745.0,27493.0,31609.0,29735.0,44491.0,56732.0,32625.0,30442.0,28246.0,82349.0,28873.0,38732.0,40270.0,40330.0,32829.0,35917.0,38325.0,28772.0,88330.0,41689.0,31541.0,31813.0,29123.0,33392.0,47591.0,37353.0,52382.0,36634.0,31029.0,51918.0,85427.0,38404.0,27717.0,29796.0,110284.0,120671.0,35860.0
2019-06-30,29053.0,48776.0,52468.0,36911.0,34149.0,31328.0,34235.0,34025.0,41147.0,34588.0,36648.0,96030.0,65286.0,44421.0,46893.0,28976.0,48346.0,31457.0,34236.0,43648.0,76917.0,29080.0,43899.0,31507.0,32220.0,37015.0,50931.0,31773.0,33601.0,46009.0,34779.0,92504.0,58317.0,64995.0,96825.0,36656.0,32809.0,40210.0,37085.0,34606.0,31324.0,30545.0,40614.0,47870.0,31069.0,31817.0,37510.0,38719.0,42800.0,29857.0,30651.0,30723.0,46606.0,55070.0,36674.0,32610.0,29353.0,77482.0,31415.0,37518.0,48554.0,43708.0,34707.0,35393.0,37697.0,28691.0,87577.0,42702.0,33009.0,33888.0,30001.0,35013.0,48440.0,39478.0,49586.0,35150.0,31644.0,51289.0,81567.0,39458.0,27443.0,31481.0,106909.0,104035.0,36954.0
2019-07-31,27612.0,46519.0,48246.0,34126.0,35196.0,29354.0,31299.0,32690.0,37915.0,33562.0,32916.0,91607.0,63207.0,42234.0,41402.0,26417.0,44130.0,26471.0,34056.0,40315.0,71786.0,27539.0,39854.0,29701.0,28527.0,35729.0,54785.0,29316.0,31707.0,46177.0,35394.0,89171.0,54099.0,64231.0,83456.0,34646.0,31948.0,37541.0,34066.0,32390.0,29335.0,30425.0,37150.0,46708.0,29024.0,28033.0,29909.0,36099.0,37121.0,25749.0,24306.0,26044.0,42301.0,53406.0,31654.0,29234.0,28918.0,67246.0,27615.0,35972.0,32713.0,38472.0,33163.0,33578.0,36510.0,27252.0,88563.0,40273.0,30748.0,32458.0,28089.0,32330.0,41461.0,37667.0,47228.0,33548.0,30245.0,50313.0,72130.0,36161.0,26650.0,29044.0,108268.0,97385.0,35570.0
2019-08-31,27077.0,45198.0,45369.0,35615.0,34049.0,29262.0,31081.0,31953.0,38286.0,31901.0,32199.0,86733.0,59249.0,40323.0,39088.0,26166.0,43350.0,25561.0,33173.0,39109.0,81307.0,24924.0,40207.0,28940.0,27968.0,35948.0,57839.0,29879.0,32236.0,45610.0,33758.0,83615.0,52151.0,56403.0,83755.0,33909.0,31281.0,36014.0,33273.0,32979.0,28711.0,30167.0,37067.0,43684.0,28358.0,28276.0,29582.0,36540.0,35112.0,24229.0,25066.0,26756.0,38989.0,51309.0,31274.0,28907.0,28458.0,62802.0,26291.0,36363.0,34803.0,38173.0,32769.0,33598.0,35274.0,27029.0,81152.0,38624.0,30336.0,30995.0,27817.0,32322.0,40654.0,36566.0,45806.0,32748.0,29803.0,49201.0,68393.0,34931.0,26098.0,28797.0,98270.0,97365.0,33938.0
2019-09-30,27708.0,45189.0,46164.0,33875.0,33949.0,29258.0,31292.0,31764.0,38062.0,32210.0,33713.0,86684.0,60205.0,41334.0,43425.0,26531.0,44037.0,26689.0,33051.0,40427.0,86470.0,26520.0,39994.0,29119.0,29709.0,36039.0,56792.0,29580.0,32492.0,43971.0,33674.0,86462.0,53804.0,58669.0,79468.0,34012.0,30709.0,37224.0,34367.0,32198.0,28885.0,30465.0,36948.0,43937.0,28970.0,29051.0,31944.0,35779.0,37785.0,26134.0,25719.0,28094.0,40676.0,50026.0,32742.0,29284.0,28061.0,69825.0,27200.0,36885.0,37010.0,38604.0,33285.0,33307.0,34857.0,26647.0,82513.0,39653.0,30490.0,31099.0,28038.0,33246.0,40877.0,36668.0,45259.0,33752.0,29509.0,49559.0,75149.0,36407.0,28597.0,28999.0,100107.0,89703.0,34585.0
2019-10-31,28266.0,48242.0,48515.0,34601.0,35324.0,29285.0,31885.0,32192.0,38567.0,33704.0,36183.0,89129.0,62224.0,41382.0,43975.0,27175.0,45856.0,27245.0,34323.0,41051.0,79796.0,26507.0,41531.0,30077.0,29927.0,36101.0,51881.0,30253.0,33048.0,45369.0,34133.0,88042.0,54940.0,61823.0,79910.0,34867.0,31037.0,38969.0,34834.0,32595.0,29425.0,32015.0,37773.0,45075.0,29061.0,29391.0,32343.0,36638.0,38846.0,26443.0,26452.0,27813.0,41524.0,51058.0,34253.0,29254.0,28475.0,70063.0,27634.0,37708.0,37667.0,39661.0,33873.0,33550.0,36267.0,28224.0,86966.0,41079.0,31239.0,32164.0,28979.0,33004.0,42726.0,37002.0,46343.0,33786.0,30638.0,50228.0,67765.0,37184.0,28748.0,29844.0,101610.0,90694.0,35357.0
2019-11-30,27886.0,48057.0,48101.0,35563.0,34085.0,29844.0,32206.0,32720.0,39160.0,33366.0,33891.0,88657.0,61141.0,41528.0,44399.0,27191.0,45892.0,27597.0,33843.0,41119.0,74842.0,26705.0,41184.0,29574.0,30395.0,35334.0,50395.0,30033.0,32831.0,44719.0,33478.0,106395.0,54006.0,62517.0,80562.0,35876.0,31168.0,38237.0,35616.0,32069.0,29341.0,32265.0,37986.0,45372.0,28800.0,29504.0,32500.0,36267.0,39985.0,26645.0,27214.0,27730.0,42188.0,50417.0,32565.0,29829.0,28739.0,71688.0,28588.0,38289.0,43127.0,40074.0,33716.0,33192.0,35896.0,30213.0,84666.0,41155.0,31078.0,31397.0,28932.0,33168.0,42354.0,36757.0,44906.0,34141.0,30511.0,48887.0,65040.0,36471.0,29397.0,29859.0,106922.0,89778.0,34934.0
2019-12-31,37152.0,61147.0,61597.0,48355.0,42109.0,35188.0,39906.0,41197.0,48015.0,40634.0,50372.0,135375.0,83582.0,55367.0,59903.0,35321.0,55847.0,36638.0,43650.0,51969.0,101047.0,35726.0,51768.0,35939.0,37851.0,44733.0,51882.0,38667.0,41057.0,53883.0,44031.0,127137.0,68970.0,82628.0,105423.0,48768.0,37415.0,49343.0,44833.0,39632.0,38594.0,39295.0,52684.0,60552.0,36447.0,37113.0,44851.0,44208.0,51580.0,37490.0,32969.0,38096.0,54900.0,66130.0,42505.0,37446.0,35726.0,103329.0,37487.0,47500.0,51057.0,51160.0,42989.0,42979.0,44670.0,37413.0,108761.0,50909.0,39235.0,41638.0,36487.0,41298.0,57194.0,46503.0,62779.0,41051.0,39101.0,64764.0,101983.0,46361.0,34336.0,38180.0,137976.0,116810.0,44307.0
2020-01-31,26917.0,48298.0,48127.0,35834.0,35591.0,29470.0,32283.0,32592.0,39123.0,32755.0,33314.0,88845.0,62513.0,42007.0,43029.0,26416.0,45334.0,27759.0,32763.0,40333.0,76944.0,26970.0,41526.0,29935.0,29871.0,35799.0,,30060.0,34384.0,46145.0,34401.0,87950.0,55236.0,63046.0,88943.0,33658.0,30700.0,38063.0,34844.0,33161.0,28961.0,32710.0,37014.0,48277.0,29208.0,29390.0,32042.0,35783.0,39100.0,26779.0,27835.0,27586.0,42855.0,52853.0,31684.0,29153.0,28005.0,70077.0,27596.0,37040.0,38151.0,39976.0,32943.0,32857.0,35215.0,30366.0,94406.0,41080.0,31663.0,32328.0,28100.0,33560.0,43277.0,37832.0,45332.0,33974.0,30707.0,49779.0,69516.0,36351.0,27109.0,28807.0,105133.0,98645.0,35137.0
2020-02-29,27039.0,47031.0,49442.0,37087.0,34485.0,29796.0,32168.0,33028.0,43973.0,33788.0,33747.0,92390.0,65249.0,42818.0,41528.0,26535.0,44975.0,27761.0,34682.0,39867.0,70396.0,27226.0,40628.0,29887.0,29882.0,35217.0,,30394.0,32266.0,46076.0,33688.0,89756.0,54124.0,63502.0,82490.0,34897.0,30814.0,38246.0,34295.0,32512.0,29184.0,32262.0,37849.0,46158.0,29358.0,30006.0,33321.0,35570.0,37980.0,26899.0,27699.0,27924.0,43708.0,52591.0,31882.0,29516.0,28514.0,69148.0,28463.0,37152.0,38863.0,40091.0,32935.0,33497.0,35605.0,30367.0,86473.0,40941.0,30725.0,30849.0,27686.0,33250.0,42612.0,37525.0,48989.0,33834.0,29566.0,49891.0,72050.0,36357.0,27980.0,29268.0,112327.0,101040.0,35170.0
2020-03-31,28849.0,50195.0,49971.0,37724.0,36199.0,30498.0,33768.0,34614.0,43283.0,35032.0,35472.0,105238.0,72001.0,44903.0,43830.0,27907.0,48670.0,27045.0,36165.0,42283.0,76384.0,28644.0,42744.0,30951.0,32049.0,37964.0,,31049.0,33112.0,47592.0,37486.0,90755.0,57915.0,65371.0,87688.0,37475.0,31098.0,40273.0,37267.0,33900.0,30772.0,31438.0,40480.0,49476.0,30723.0,30895.0,33729.0,36571.0,40665.0,27924.0,28310.0,29190.0,45288.0,54920.0,34520.0,30833.0,30141.0,75522.0,28437.0,39071.0,41034.0,42007.0,34696.0,35098.0,37044.0,31691.0,87367.0,42067.0,31731.0,32527.0,29858.0,34258.0,45517.0,39144.0,51525.0,34773.0,31517.0,51595.0,77970.0,39410.0,28856.0,30824.0,109938.0,104927.0,37112.0
2020-04-30,28513.0,49991.0,49738.0,35800.0,35970.0,31636.0,32314.0,33772.0,40288.0,34177.0,32657.0,101551.0,62298.0,45120.0,44613.0,26770.0,48366.0,28006.0,35112.0,40645.0,75197.0,27987.0,40936.0,30889.0,28995.0,36885.0,,31928.0,34133.0,47185.0,34953.0,98606.0,52094.0,66856.0,100624.0,35819.0,31214.0,39377.0,37334.0,32893.0,30635.0,31201.0,39338.0,47496.0,29633.0,30243.0,34284.0,37124.0,39836.0,27906.0,27733.0,29740.0,44129.0,56629.0,32360.0,30361.0,29262.0,76126.0,28801.0,37078.0,40108.0,42609.0,33202.0,35363.0,38012.0,31906.0,86436.0,41114.0,31863.0,31088.0,29804.0,34643.0,48361.0,37799.0,49863.0,34957.0,31325.0,51089.0,73349.0,37887.0,26947.0,29994.0,119547.0,111955.0,36748.0
2020-05-31,29936.0,52378.0,55301.0,43020.0,36109.0,32606.0,34326.0,35393.0,42910.0,36550.0,36206.0,91823.0,64265.0,48793.0,48937.0,28626.0,52156.0,31536.0,36661.0,43969.0,100637.0,28952.0,42992.0,32807.0,30786.0,37774.0,,33572.0,36237.0,47545.0,36305.0,110718.0,55755.0,74358.0,97736.0,36533.0,31892.0,40148.0,37457.0,38176.0,31853.0,33446.0,41927.0,50981.0,32473.0,33032.0,38671.0,37890.0,43429.0,30449.0,31656.0,35245.0,47313.0,61270.0,34029.0,31684.0,30697.0,81960.0,32912.0,39020.0,46868.0,45213.0,34561.0,36200.0,39210.0,33850.0,95157.0,44012.0,32833.0,33321.0,31002.0,35614.0,48802.0,39999.0,49994.0,37342.0,32567.0,54568.0,89603.0,39735.0,29963.0,31917.0,127088.0,141319.0,37314.0
2020-06-30,30932.0,52072.0,55746.0,40067.0,37516.0,32489.0,35104.0,35835.0,43990.0,37410.0,39194.0,98700.0,70494.0,48108.0,48865.0,29015.0,52372.0,35228.0,36720.0,44158.0,85052.0,32800.0,44758.0,34059.0,31461.0,37978.0,,34439.0,36662.0,48608.0,35954.0,101248.0,57044.0,70874.0,100589.0,37310.0,32545.0,42323.0,37939.0,36639.0,33475.0,33295.0,42885.0,49565.0,33291.0,33805.0,39970.0,40278.0,45852.0,35491.0,35017.0,34309.0,50345.0,59386.0,38144.0,33868.0,32076.0,78149.0,32721.0,38556.0,51304.0,48266.0,36006.0,38063.0,39427.0,34351.0,94449.0,43901.0,34578.0,34701.0,31406.0,37443.0,52011.0,41048.0,51452.0,38075.0,33522.0,54997.0,83855.0,41023.0,31751.0,31789.0,124358.0,117335.0,37774.0
2020-07-31,29300.0,52226.0,51940.0,38408.0,38916.0,32184.0,33994.0,35963.0,39372.0,36961.0,33901.0,98930.0,68217.0,47352.0,44608.0,27981.0,47658.0,27222.0,37575.0,45363.0,75915.0,30765.0,42032.0,33286.0,31761.0,35820.0,,32469.0,36085.0,49328.0,36658.0,98927.0,56200.0,69118.0,87824.0,36632.0,33615.0,39988.0,36556.0,34462.0,31803.0,33042.0,39895.0,50598.0,31402.0,30412.0,33647.0,38271.0,39096.0,25832.0,28842.0,30793.0,45184.0,57578.0,31624.0,31256.0,31682.0,69018.0,29353.0,37663.0,38361.0,40649.0,35263.0,35989.0,39160.0,33674.0,93531.0,41650.0,32984.0,34441.0,30491.0,33392.0,46723.0,40765.0,49254.0,34884.0,32587.0,50706.0,76072.0,36902.0,28766.0,31131.0,124697.0,106531.0,38481.0
2020-08-31,27924.0,50248.0,48764.0,38413.0,36674.0,31226.0,32390.0,34683.0,38787.0,34731.0,32811.0,90304.0,63279.0,44174.0,42612.0,26115.0,47120.0,27089.0,36102.0,40492.0,78699.0,28115.0,41760.0,31738.0,30179.0,35182.0,,32268.0,34354.0,47057.0,35513.0,90145.0,53724.0,61272.0,89141.0,35634.0,32029.0,38200.0,35203.0,33776.0,30832.0,32449.0,38803.0,46517.0,30119.0,30436.0,34019.0,37854.0,36219.0,26961.0,29173.0,30415.0,42066.0,54789.0,30318.0,30680.0,31408.0,65392.0,28258.0,38034.0,39448.0,41214.0,33686.0,35324.0,36724.0,32768.0,86833.0,41199.0,31374.0,33010.0,29895.0,32065.0,45118.0,38760.0,47146.0,34654.0,31376.0,47054.0,71948.0,35670.0,28555.0,31332.0,110816.0,100890.0,36705.0
2020-09-30,28734.0,51135.0,50334.0,37367.0,36501.0,31681.0,32694.0,35088.0,41194.0,35745.0,34056.0,93062.0,67935.0,46143.0,46498.0,27392.0,47593.0,28665.0,36258.0,42596.0,89188.0,29088.0,42061.0,31967.0,31314.0,35650.0,,31895.0,35290.0,47260.0,35243.0,96661.0,55039.0,63690.0,84371.0,36843.0,32005.0,39775.0,36308.0,34614.0,31378.0,32143.0,39018.0,47510.0,30693.0,30791.0,35308.0,38358.0,39250.0,29993.0,30336.0,31560.0,44403.0,54589.0,32196.0,31029.0,31552.0,73711.0,29129.0,39488.0,42565.0,41688.0,34659.0,35999.0,37862.0,32973.0,85731.0,42241.0,32655.0,32580.0,30439.0,33355.0,46780.0,39093.0,47887.0,35190.0,32087.0,50416.0,79628.0,38005.0,29622.0,32101.0,113246.0,105398.0,36889.0
2020-10-31,28734.0,51135.0,50334.0,37367.0,36501.0,31681.0,32694.0,35088.0,41194.0,35745.0,34056.0,93062.0,67935.0,46143.0,46498.0,27392.0,47593.0,28665.0,36258.0,42596.0,89188.0,29088.0,42061.0,31967.0,31314.0,35650.0,0.0,31895.0,35290.0,47260.0,35243.0,96661.0,55039.0,63690.0,84371.0,36843.0,32005.0,39775.0,36308.0,34614.0,31378.0,32143.0,39018.0,47510.0,30693.0,30791.0,35308.0,38358.0,39250.0,29993.0,30336.0,31560.0,44403.0,54589.0,32196.0,31029.0,31552.0,73711.0,29129.0,39488.0,42565.0,41688.0,34659.0,35999.0,37862.0,32973.0,85731.0,42241.0,32655.0,32580.0,30439.0,33355.0,46780.0,39093.0,47887.0,35190.0,32087.0,50416.0,79628.0,38005.0,29622.0,32101.0,113246.0,105398.0,36889.0
