,Belgorodskaja oblast',Brjanskaja oblast',Vladimirskaja oblast',Voronezhskaja oblast',Ivanovskaja oblast',Kaluzhskaja oblast',Kostromskaja oblast',Kurskaja oblast',Lipetskaja oblast',Moskovskaja oblast',Orlovskaja oblast',Rjazanskaja oblast',Smolenskaja oblast',Tambovskaja oblast',Tverskaja oblast',Tul'skaja oblast',Jaroslavskaja oblast',g. Moskva,Respublika Karelija,Respublika Komi,Nenetskij avtonomnyj okrug (Arhangel'skaja oblast'),Vologodskaja oblast',Kaliningradskaja oblast',Leningradskaja oblast',Murmanskaja oblast',Novgorodskaja oblast',Pskovskaja oblast',g. Sankt-Peterburg,Arhangel'skaja obl. bez dannyh po Nenetskomu avt. okr.,Respublika Adygeja (Adygeja),Respublika Kalmykija,Respublika Krym,Krasnodarskij kraj,Astrahanskaja oblast',Volgogradskaja oblast',Rostovskaja oblast',g. Sevastopol',Respublika Dagestan,Respublika Ingushetija,Kabardino-Balkarskaja Respublika,Karachaevo-Cherkesskaja Respublika,Respublika Severnaja Osetija - Alanija,Chechenskaja Respublika,Stavropol'skij kraj,Respublika Bashkortostan,Respublika Marij El,Respublika Mordovija,Respublika Tatarstan (Tatarstan),Udmurtskaja Respublika,Chuvashskaja Respublika - Chuvashija,Permskij kraj,Kirovskaja oblast',Nizhegorodskaja oblast',Orenburgskaja oblast',Penzenskaja oblast',Samarskaja oblast',Saratovskaja oblast',Ul'janovskaja oblast',Kurganskaja oblast',Sverdlovskaja oblast',Hanty-Mansijskij avtonomnyj okrug - Jugra (Tjumenskaja oblast'),Jamalo-Nenetskij avtonomnyj okrug (Tjumenskaja oblast'),Cheljabinskaja oblast',Tjumenskaja obl.bez dannyh po Hanty-Mansijskomu i Jamalo-Nenetskomu avt. okr.,Respublika Altaj,Respublika Tyva,Respublika Hakasija,Altajskij kraj,Krasnojarskij kraj,Irkutskaja oblast',Kemerovskaja oblast',Novosibirskaja oblast',Omskaja oblast',Tomskaja oblast',Respublika Burjatija,Respublika Saha (Jakutija),Zabajkal'skij kraj,Kamchatskij kraj,Primorskij kraj,Habarovskij kraj,Amurskaja oblast',Magadanskaja oblast',Sahalinskaja oblast',Evrejskaja avtonomnaja oblast',Chukotskij avtonomnyj okrug
2017-01-31,1.397,1.312,4.516,4.681,1.462,3.899,1.01,1.746,1.701,40.508,1.107,3.785,2.139,0.911,2.728,4.615,2.63,58.501,1.949,0.014,0.095,2.986,0.32,9.218,2.277,1.402,1.147,40.823,1.063,0.257,0.052,4.223,6.168,0.662,3.879,11.955,2.095,0.602,0.0,0.072,0.086,0.083,0.006,1.606,0.359,0.266,0.348,1.844,0.657,0.029,1.815,0.524,3.511,0.896,0.956,3.857,1.684,1.322,0.376,9.81,1.415,0.246,3.355,1.317,0.1,0.0,0.024,2.35,0.632,0.7,2.26,6.401,1.498,0.457,0.142,0.019,0.077,0.185,0.659,1.918,0.176,0.096,0.146,0.052,0.017
2017-02-28,1.146,1.27,4.381,4.664,1.504,3.862,0.968,1.618,1.599,42.329,1.168,3.728,2.18,0.866,2.7,4.708,2.669,60.083,1.782,0.007,0.108,2.83,0.345,9.12,2.296,1.408,1.062,39.466,1.064,0.259,0.047,4.631,5.903,0.563,3.242,11.485,1.989,0.736,0.0,0.066,0.084,0.075,0.007,1.397,0.343,0.296,0.351,1.458,0.682,0.026,2.067,0.595,3.52,0.81,0.971,3.91,1.912,1.389,0.334,9.509,1.457,0.26,3.418,1.248,0.09,0.0,0.023,2.131,0.6,0.58,2.053,6.106,1.508,0.437,0.124,0.015,0.073,0.169,0.628,1.9,0.177,0.106,0.133,0.044,0.017
2017-03-31,1.391,1.537,5.265,5.791,1.844,4.57,1.21,1.954,1.831,50.779,1.359,4.322,2.723,1.063,3.104,5.61,3.296,71.605,2.095,0.006,0.124,3.388,0.376,10.486,2.484,1.661,1.268,40.857,1.312,0.32,0.053,5.623,7.061,0.697,4.236,13.61,2.411,1.299,0.0,0.079,0.1,0.068,0.01,1.683,0.685,0.396,0.465,1.734,0.809,0.034,2.315,0.784,4.523,0.961,1.262,4.716,2.27,1.652,0.365,11.264,1.7,0.311,3.791,1.419,0.105,0.0,0.029,2.408,0.971,0.592,2.463,7.076,1.681,0.521,0.135,0.022,0.098,0.148,0.813,2.196,0.209,0.12,0.17,0.038,0.009
2017-04-30,1.349,1.524,5.521,6.264,2.008,4.706,1.312,2.096,1.909,51.906,1.438,4.623,2.598,1.133,3.304,6.092,3.468,70.99,2.129,0.009,0.117,3.507,0.377,10.883,2.213,1.723,1.305,37.094,1.316,0.299,0.061,6.193,7.881,0.696,4.101,14.528,2.654,0.71,0.0,0.074,0.099,0.072,0.02,1.872,0.59,0.493,0.495,2.089,0.825,0.041,2.487,0.83,4.944,1.493,1.323,5.182,2.306,1.709,0.356,11.303,1.729,0.339,4.003,1.39,0.114,0.0,0.031,2.507,1.213,0.565,2.675,6.904,1.462,0.503,0.185,0.007,0.139,0.068,1.479,2.253,0.272,0.109,0.188,0.066,0.007
2017-05-31,1.414,1.692,6.027,7.018,2.203,5.142,1.429,2.141,2.015,56.673,1.52,5.056,3.059,1.176,3.538,6.708,3.94,73.996,2.516,0.016,0.118,3.547,0.419,13.161,2.523,1.94,1.539,37.613,1.341,0.379,0.068,7.323,9.403,0.702,4.357,15.042,2.905,2.576,0.0,0.086,0.109,0.086,0.014,2.07,0.704,0.475,0.534,2.125,0.888,0.041,2.532,0.915,5.609,1.836,1.295,5.772,2.368,1.643,0.367,11.833,1.806,0.321,4.286,1.367,0.11,0.0,0.033,2.153,1.418,0.646,2.609,7.692,1.621,0.548,0.286,0.009,0.151,0.164,1.954,2.666,0.332,0.127,0.174,0.118,0.011
2017-06-30,1.331,1.601,5.782,6.719,2.171,4.963,1.338,1.951,1.706,51.834,1.378,4.565,2.926,1.286,3.292,6.093,3.609,64.634,2.509,0.016,0.125,3.337,0.395,13.207,2.359,1.811,1.406,33.082,1.095,0.371,0.044,8.274,9.682,0.592,3.862,13.066,2.972,0.124,0.0,0.074,0.092,0.073,0.004,2.024,0.635,0.457,0.528,1.9,0.796,0.038,2.529,0.896,5.375,1.747,1.322,5.022,2.262,1.581,0.38,10.843,1.572,0.347,3.98,1.217,0.091,0.0,0.033,1.969,1.356,0.642,2.446,6.588,1.454,0.513,0.297,0.009,0.133,0.364,2.12,2.615,0.417,0.292,0.164,0.156,0.057
2017-07-31,1.324,1.668,5.857,7.049,2.345,5.008,1.523,1.808,1.806,54.525,1.288,5.02,3.012,1.368,3.426,6.144,3.835,65.309,2.837,0.02,0.167,3.525,0.487,14.227,2.871,2.061,1.543,33.796,1.417,0.441,0.05,11.32,11.019,0.597,4.178,13.71,3.869,6.776,0.0,0.072,0.088,0.077,0.033,1.994,0.684,0.479,0.597,2.103,0.817,0.035,2.594,1.035,5.692,1.768,1.445,5.178,2.258,1.46,0.421,11.12,2.093,0.396,4.122,1.441,0.104,0.0,0.039,2.143,1.563,0.87,2.749,7.393,1.53,0.553,0.331,0.013,0.129,0.447,2.439,3.066,0.556,0.366,0.234,0.183,0.011
2017-08-31,1.247,1.694,5.883,6.958,2.069,4.326,1.574,1.811,1.774,49.862,1.263,4.43,2.907,1.33,3.273,6.056,3.432,60.052,2.709,0.026,0.233,3.477,0.504,14.24,3.019,2.189,1.51,33.656,1.481,0.41,0.043,12.504,10.961,0.641,4.126,12.718,3.871,5.022,0.0,0.084,0.088,0.077,0.027,2.153,0.672,0.492,0.621,2.439,0.822,0.037,2.744,1.046,5.645,1.68,1.436,5.206,2.145,1.406,0.439,10.626,1.901,0.37,3.851,1.447,0.107,0.0,0.063,2.135,1.618,0.909,2.751,6.939,1.621,0.508,0.394,0.02,0.113,0.495,2.507,3.166,0.659,0.369,0.317,0.21,0.007
2017-09-30,1.06,1.962,6.424,7.788,2.684,5.149,1.649,2.274,2.018,55.773,1.546,4.816,3.329,1.552,3.749,6.859,4.241,66.263,3.07,0.027,0.187,3.635,0.457,14.13,2.927,2.33,1.683,43.206,1.67,0.518,0.065,11.014,13.18,0.921,5.043,15.333,3.491,4.925,0.0,0.134,0.156,0.129,0.022,2.726,0.605,0.562,0.851,2.202,1.209,0.034,2.895,1.145,6.846,1.793,1.785,5.803,2.955,1.98,0.572,11.715,2.231,0.373,4.493,1.523,0.093,0.0,0.054,2.244,1.467,0.879,3.041,6.564,1.95,0.543,0.406,0.018,0.129,0.467,2.282,3.016,0.691,0.419,0.362,0.219,0.001
2017-10-31,1.213,1.751,6.581,7.593,2.581,5.393,1.679,2.069,2.002,57.081,1.408,5.115,3.041,1.453,3.675,6.93,4.088,72.161,2.755,0.022,0.16,3.704,0.423,13.654,2.918,2.303,1.684,42.485,1.512,0.525,0.056,9.653,10.841,0.78,4.686,14.446,3.488,8.69,0.0,0.115,0.118,0.127,0.014,2.562,0.684,0.496,0.687,2.646,1.011,0.026,3.152,1.002,6.253,1.828,1.642,5.583,2.701,1.717,0.558,11.331,2.228,0.445,4.288,1.592,0.107,0.0,0.054,2.431,1.291,0.951,3.104,7.515,1.922,0.515,0.51,0.016,0.132,0.536,2.521,3.36,0.747,0.443,0.34,0.218,0.001
2017-11-30,1.157,1.705,6.481,7.007,2.626,5.356,1.66,2.13,1.753,57.746,1.37,4.993,3.159,1.441,3.765,7.037,4.148,72.951,2.706,0.039,0.134,3.611,0.429,13.276,2.923,2.321,1.818,40.932,1.551,0.525,0.062,8.586,10.708,0.844,4.679,13.827,3.167,3.523,0.0,0.109,0.121,0.125,0.064,2.466,0.775,0.534,0.749,2.727,1.053,0.082,3.126,1.063,6.828,1.951,1.712,5.669,2.713,1.857,0.517,11.139,2.073,0.413,4.097,1.522,0.086,0.0,0.038,2.015,1.238,0.844,2.695,6.331,1.735,0.44,0.453,0.016,0.125,0.489,2.427,3.081,0.755,0.345,0.269,0.19,0.01
2017-12-31,1.172,1.729,6.764,7.473,2.715,5.414,1.654,2.078,1.873,59.807,1.41,5.142,3.269,1.627,3.635,7.186,4.15,77.061,2.754,0.041,0.137,3.867,0.494,13.833,3.151,2.354,1.747,42.736,1.491,0.522,0.062,9.892,10.066,0.844,4.448,14.592,3.615,6.578,0.0,0.105,0.119,0.118,0.029,2.49,0.587,0.62,0.764,9.741,0.961,0.282,3.044,1.1,6.966,1.91,1.756,6.132,2.725,1.732,0.493,10.756,2.272,0.449,4.046,1.585,0.094,0.0,0.041,2.218,1.424,1.021,2.879,7.215,1.78,0.496,0.557,0.007,0.143,0.41,2.542,3.261,0.791,0.215,0.358,0.237,0.012
2018-01-31,0.864,1.326,5.561,6.474,2.323,4.478,1.406,1.761,1.655,49.33,1.241,4.283,2.763,1.408,2.962,6.122,3.543,64.662,2.104,0.032,0.064,3.219,0.394,11.453,2.56,2.031,1.398,33.823,1.132,0.413,0.043,7.844,8.28,0.679,3.704,11.967,3.014,0.013,0.0,0.088,0.109,0.095,0.008,2.061,0.572,0.419,0.624,4.265,0.838,0.075,2.797,0.821,5.364,1.237,1.437,4.971,2.217,1.346,0.373,9.256,1.976,0.39,3.525,1.336,0.071,0.0,0.035,1.738,1.219,0.758,2.411,5.311,1.423,0.456,0.39,0.007,0.098,0.289,1.713,2.803,0.682,0.054,0.294,0.187,0.01
2018-02-28,0.709,1.259,5.189,6.233,2.245,4.524,1.314,1.702,1.547,49.174,1.184,4.208,2.644,1.302,2.847,5.973,3.237,64.03,1.918,0.03,0.108,3.043,0.414,10.705,2.483,1.824,1.246,39.992,1.075,0.448,0.042,7.078,8.531,0.724,3.492,11.829,3.094,0.015,0.0,0.07,0.1,0.104,0.018,2.173,0.494,0.393,0.567,2.566,0.747,0.149,2.941,0.806,5.252,1.293,1.401,4.993,2.285,1.334,0.39,8.908,1.908,0.392,3.415,1.343,0.066,0.0,0.034,1.713,1.207,0.692,2.345,5.59,1.426,0.474,0.344,0.012,0.096,0.337,1.683,2.73,0.786,0.032,0.278,0.17,0.01
2018-03-31,0.734,1.466,5.817,6.953,2.373,4.865,1.474,1.926,1.708,51.933,1.328,4.515,2.818,1.431,3.144,6.42,3.664,68.805,2.128,0.04,0.114,3.477,0.489,11.593,2.633,2.072,1.395,35.339,1.212,0.464,0.043,9.206,9.506,0.761,3.868,12.921,3.437,0.022,0.0,0.076,0.104,0.12,0.022,2.452,0.597,0.471,0.645,4.492,0.799,0.305,3.052,0.88,5.879,1.469,1.586,5.459,2.765,1.495,0.44,9.957,2.162,0.441,3.596,1.518,0.073,0.0,0.036,1.953,1.403,0.828,2.782,6.495,1.56,0.582,0.448,0.023,0.131,0.376,2.113,3.155,1.002,0.02,0.303,0.195,0.011
2018-04-30,1.16,1.607,6.221,7.302,2.588,5.147,1.506,1.819,1.802,56.693,1.233,4.808,3.064,1.516,3.473,6.922,3.91,74.611,2.057,0.041,0.132,3.605,0.576,12.315,2.91,2.114,1.403,36.849,1.41,0.456,0.055,11.027,10.141,0.842,4.364,14.768,3.788,0.032,0.0,0.085,0.104,0.108,0.015,2.6,0.613,0.417,0.679,3.956,0.817,0.45,3.167,0.983,6.298,1.427,1.639,5.906,2.698,1.368,0.48,10.219,2.172,0.444,3.545,1.535,0.084,0.0,0.04,2.025,1.346,0.843,2.829,6.309,1.68,0.608,0.441,0.019,0.12,0.4,2.29,3.329,0.996,0.214,0.37,0.214,0.012
2018-05-31,1.525,1.944,7.308,7.915,2.8,5.807,1.582,2.119,1.742,64.327,1.404,5.665,3.311,1.51,3.793,7.624,4.451,76.981,2.227,0.045,0.146,3.89,0.644,14.057,3.027,2.396,1.427,37.089,1.557,0.47,0.053,12.726,10.878,0.882,5.012,15.891,4.337,0.061,0.0,0.077,0.111,0.112,0.008,2.786,0.612,0.495,0.795,4.795,0.883,0.517,3.408,1.227,7.834,1.549,1.975,6.706,2.851,1.565,0.58,11.4,2.159,0.438,4.138,1.49,0.084,0.0,0.061,2.029,1.71,0.899,3.018,7.403,1.668,0.717,0.497,0.014,0.118,0.4,2.476,3.539,1.134,0.32,0.403,0.242,0.025
2018-06-30,1.508,1.926,7.401,8.029,2.92,5.678,1.533,2.194,1.906,64.193,1.514,5.1,3.158,1.681,3.792,7.411,4.395,73.262,2.235,0.04,0.156,3.534,0.768,13.407,2.846,2.451,1.32,33.692,1.358,0.48,0.053,13.816,11.702,0.77,4.317,13.849,4.574,0.016,0.001,0.072,0.1,0.112,0.015,2.883,0.688,0.45,0.901,4.391,0.809,0.52,3.943,1.146,7.368,1.56,2.093,7.239,2.686,1.508,0.654,11.587,2.344,0.473,4.249,1.536,0.092,0.0,0.053,1.839,1.882,0.76,2.933,7.194,1.707,0.802,0.423,0.029,0.14,0.385,2.86,3.51,1.191,0.368,0.388,0.212,0.02
2018-07-31,1.641,2.021,7.748,8.211,3.086,6.017,1.921,2.256,2.093,63.482,1.498,5.504,3.394,1.732,3.96,7.653,4.952,70.966,2.457,0.055,0.185,4.144,0.783,15.347,3.405,2.742,1.545,38.933,1.692,0.51,0.063,17.355,13.208,0.854,4.619,15.223,5.356,0.042,0.001,0.083,0.156,0.109,0.032,2.667,0.749,0.477,0.869,4.299,0.882,0.538,4.52,1.276,7.556,1.795,2.208,7.383,2.914,1.47,0.639,12.187,2.444,0.624,4.572,1.81,0.12,0.001,0.058,1.939,1.498,0.98,3.102,7.717,1.795,0.8,0.503,0.036,0.139,0.38,3.111,3.847,1.281,0.35,0.449,0.256,0.028
2018-08-31,1.59,2.006,7.505,8.181,2.981,5.739,1.948,2.362,1.925,65.221,1.526,5.244,3.224,1.81,3.623,7.234,4.595,74.035,2.31,0.041,0.167,3.977,0.682,15.372,3.334,2.722,1.502,44.54,1.622,0.543,0.067,17.499,13.379,0.858,4.486,14.458,5.634,0.02,0.0,0.091,0.117,0.118,0.05,2.841,0.776,0.492,0.818,3.621,0.884,0.525,4.193,1.18,7.079,1.666,2.275,6.659,2.688,1.45,0.642,12.122,2.331,0.624,4.312,1.802,0.123,0.0,0.031,2.078,0.994,1.097,3.372,7.309,1.83,0.848,0.606,0.064,0.196,0.388,3.268,3.919,1.42,0.373,0.498,0.247,0.023
2018-09-30,1.309,1.943,6.75,7.96,2.927,5.361,1.868,2.093,1.795,66.429,1.477,4.813,2.99,1.698,3.625,7.186,4.45,77.829,2.03,0.04,0.127,3.775,0.622,14.052,3.382,2.49,1.277,40.104,1.584,0.496,0.058,13.666,12.039,0.828,4.284,14.555,4.487,0.014,0.0,0.09,0.126,0.126,0.041,2.668,0.796,0.436,0.76,3.345,0.894,0.425,4.033,1.085,6.711,1.792,2.143,6.669,2.549,1.545,0.715,11.667,2.512,0.622,4.24,1.745,0.097,0.004,0.04,2.348,1.972,1.014,3.483,7.488,2.257,0.91,0.563,0.069,0.171,0.474,3.601,3.835,1.325,0.368,0.462,0.254,0.024
2018-10-31,1.523,2.147,7.329,8.34,3.126,5.686,1.929,2.365,2.018,71.239,1.601,5.141,3.121,1.872,3.885,7.853,4.789,86.138,2.197,0.049,0.066,4.396,0.785,14.72,3.957,2.578,1.525,41.25,1.656,0.574,0.072,12.488,11.379,0.908,4.604,15.658,4.698,0.01,0.0,0.099,0.141,0.15,0.048,2.667,0.837,0.442,0.83,4.359,1.012,0.439,4.234,1.203,7.279,2.268,2.52,6.969,3.24,1.728,0.826,12.12,2.653,0.735,4.456,2.031,0.114,0.003,0.069,2.637,2.312,1.329,3.684,7.587,2.734,0.851,0.903,0.059,0.255,0.576,3.777,4.405,1.461,0.349,0.618,0.295,0.023
2018-11-30,1.821,2.322,6.917,8.055,3.07,5.776,1.78,2.358,2.045,68.548,1.64,5.023,3.15,1.781,3.739,7.878,4.671,84.911,2.172,0.099,0.17,4.396,1.168,13.472,4.472,2.44,1.396,40.846,1.616,0.494,0.056,10.927,10.69,0.957,4.368,14.601,4.038,0.066,0.0,0.114,0.131,0.147,0.007,3.093,0.823,0.495,0.833,3.637,1.079,0.88,3.947,1.144,6.869,1.926,2.331,6.85,3.446,1.601,0.765,11.43,2.459,0.634,4.319,1.793,0.121,0.005,0.067,2.687,2.286,1.292,3.569,7.135,2.66,0.782,0.908,0.057,0.245,0.522,3.507,4.075,1.337,0.125,0.794,0.302,0.031
2018-12-31,2.111,2.439,7.498,8.613,3.59,6.439,2.007,2.673,2.281,72.255,1.794,5.701,3.539,2.157,4.064,8.747,5.011,90.621,2.39,0.258,0.215,4.54,3.903,14.243,4.65,2.602,1.851,48.985,2.025,0.58,0.074,11.411,11.373,0.951,5.123,15.466,4.397,0.094,0.001,0.119,0.154,0.171,0.042,2.862,0.906,0.995,1.158,6.944,1.703,1.433,4.591,1.546,8.575,2.468,2.823,10.132,4.856,1.758,0.836,12.866,2.59,0.786,5.089,2.026,0.143,0.011,0.085,3.166,3.095,2.486,4.682,7.662,2.695,1.168,0.881,0.184,0.3,0.668,3.77,4.173,1.585,0.101,1.331,0.31,0.033
2019-01-31,1.833,2.038,6.424,7.45,2.832,5.425,1.765,2.384,2.021,62.718,1.586,4.823,3.016,1.701,3.583,7.764,4.523,77.898,2.211,0.087,0.151,4.105,1.654,12.421,3.783,2.357,1.537,34.502,1.723,0.423,0.061,9.749,9.712,0.847,4.428,12.567,3.683,0.007,0.0,0.118,0.121,0.14,0.03,2.352,0.815,0.621,0.871,4.33,1.231,0.831,4.047,1.291,6.503,1.954,2.242,7.026,2.875,1.448,0.768,11.048,2.321,0.687,4.139,1.759,0.111,0.001,0.077,2.612,3.093,1.689,4.004,6.556,2.313,1.088,0.68,0.111,0.238,0.607,3.095,3.513,1.201,0.123,1.062,0.251,0.025
2019-02-28,1.814,2.058,6.261,7.232,2.856,5.246,1.727,2.223,1.912,62.569,1.526,4.836,3.049,1.619,3.551,7.612,4.407,79.827,2.166,0.053,0.14,3.843,1.027,13.052,3.592,2.409,1.534,37.182,1.603,0.457,0.057,9.219,10.149,0.82,4.257,12.732,3.48,0.006,0.0,0.107,0.12,0.146,0.043,2.321,0.815,0.495,0.799,3.24,0.997,0.721,3.924,1.233,6.227,1.951,2.138,6.417,2.768,1.455,0.753,10.501,2.237,0.656,3.89,1.78,0.102,0.0,0.069,2.317,2.579,1.159,3.447,6.446,2.187,0.983,0.654,0.06,0.238,0.553,3.227,3.567,1.164,0.124,0.888,0.257,0.029
2019-03-31,2.197,2.383,7.326,8.464,3.225,6.124,1.982,2.727,2.297,70.702,1.867,5.421,3.629,1.951,4.245,9.067,5.082,86.892,2.639,0.053,0.126,4.517,1.417,15.183,4.033,2.825,1.844,39.385,1.818,0.496,0.072,11.279,12.044,1.008,5.326,15.473,4.323,0.004,0.0,0.116,0.13,0.167,0.054,2.866,1.074,0.572,0.996,4.529,1.105,0.823,4.577,1.431,7.388,2.491,2.808,7.838,3.51,1.856,0.905,12.93,2.726,0.774,4.504,2.087,0.119,0.002,0.101,2.446,3.328,1.61,3.894,7.413,2.691,1.086,0.83,0.079,0.358,0.613,3.924,4.306,1.429,0.191,0.927,0.33,0.033
2019-04-30,2.301,2.436,7.463,8.859,3.228,6.488,2.007,2.849,2.367,71.964,1.92,5.681,3.761,2.019,4.341,9.086,5.028,87.844,2.459,0.064,0.11,4.559,1.092,15.555,3.877,2.67,1.672,38.815,1.892,0.504,0.079,12.121,12.598,1.053,5.194,15.956,4.534,0.004,0.0,0.112,0.138,0.181,0.059,2.829,1.124,0.544,1.012,3.287,1.204,0.906,4.792,1.526,7.38,2.318,3.05,8.104,3.564,1.84,0.833,12.914,2.64,0.765,4.522,2.25,0.125,0.001,0.107,2.793,3.342,1.365,4.281,7.117,2.593,1.046,0.796,0.069,0.313,0.652,3.753,4.07,1.293,0.166,0.764,0.249,0.014
2019-05-31,2.289,2.986,8.77,10.337,3.579,7.281,2.293,3.3,2.551,79.634,2.201,6.551,4.274,2.067,4.93,9.931,5.511,84.394,2.869,0.068,0.111,4.999,0.945,17.24,4.258,3.069,1.999,46.047,1.936,0.6,0.087,13.895,14.549,1.132,5.441,17.255,4.783,0.001,0.0,0.13,0.147,0.202,0.005,3.106,1.122,0.639,1.11,3.105,1.485,0.978,4.521,1.776,8.381,2.58,3.478,8.755,4.006,2.103,0.615,14.685,3.158,0.796,4.966,2.321,0.156,0.002,0.127,2.647,3.389,1.486,4.278,8.567,2.654,1.109,0.714,0.087,0.279,0.767,3.84,4.084,1.337,0.173,0.513,0.211,0.014
2019-06-30,2.201,3.067,8.765,10.721,3.686,7.176,2.266,3.266,2.724,76.007,2.351,6.181,4.347,2.38,5.077,10.011,5.537,79.756,2.841,0.06,0.113,4.611,0.967,17.066,3.924,3.036,1.874,37.607,1.772,0.623,0.095,16.5,16.294,1.179,5.349,15.911,5.067,0.002,0.0,0.147,0.144,0.226,0.024,3.292,1.006,0.656,1.122,3.538,1.691,1.133,4.943,1.769,8.278,2.587,3.507,8.913,3.884,2.208,0.942,15.235,3.284,0.944,5.494,2.497,0.201,0.002,0.152,3.068,4.162,1.352,4.17,7.403,2.821,1.033,0.649,0.137,0.247,0.706,3.665,3.845,1.262,0.207,0.503,0.202,0.021
2019-07-31,2.529,3.285,8.74,10.811,3.673,7.482,2.368,3.53,3.116,77.164,2.428,6.858,4.488,2.573,5.141,10.198,5.817,77.588,2.705,0.051,0.125,5.079,1.052,17.978,3.974,3.045,2.082,39.765,2.139,0.612,0.108,18.766,17.831,1.208,5.923,17.048,5.627,0.002,0.0,0.157,0.163,0.215,0.008,3.111,1.082,0.731,1.154,3.473,1.546,1.25,5.138,1.879,8.184,2.708,3.736,9.081,4.164,2.138,0.93,14.678,3.002,0.957,5.369,2.585,0.232,0.003,0.202,2.58,3.555,1.63,4.26,6.898,2.664,0.946,0.695,0.077,0.259,0.72,4.112,4.062,1.428,0.373,0.645,0.242,0.028
2019-08-31,2.871,3.465,9.238,10.519,3.88,7.189,2.506,3.51,2.99,74.586,2.475,6.641,4.376,2.774,5.273,9.704,6.249,75.222,2.887,0.017,0.138,5.236,0.923,18.526,4.134,2.933,2.102,38.262,2.275,0.71,0.123,19.141,19.491,1.412,6.416,18.243,5.674,0.002,0.0,0.173,0.173,0.23,0.023,3.756,1.478,0.762,1.236,3.535,1.545,1.327,5.581,1.916,9.057,2.831,3.81,9.088,4.478,2.304,1.003,14.446,3.301,0.972,5.591,2.637,0.267,0.002,0.204,3.258,4.372,1.81,4.74,8.195,2.736,1.137,0.777,0.074,0.26,0.648,4.317,3.849,1.294,0.487,0.7,0.248,0.014
2019-09-30,2.199,2.893,8.319,9.631,3.536,6.544,2.309,3.101,2.516,69.625,2.152,5.96,4.12,2.411,4.767,8.81,5.784,74.118,2.387,0.025,0.177,4.577,0.824,14.662,3.653,2.496,1.676,38.526,2.0,0.679,0.088,14.19,16.632,1.295,5.465,17.468,4.359,0.001,0.0,0.161,0.17,0.248,0.019,3.721,1.306,0.675,1.095,3.589,1.355,1.059,4.73,1.76,8.923,2.602,3.16,8.829,4.057,2.096,0.88,12.404,2.838,0.909,4.796,2.276,0.234,0.001,0.214,2.986,4.033,1.561,4.28,6.842,2.587,1.183,0.743,0.091,0.242,0.58,3.974,3.542,1.214,0.471,0.674,0.209,0.022
2019-10-31,2.629,2.93,8.208,9.767,3.684,6.35,2.315,3.262,2.632,69.103,2.076,6.022,3.989,2.395,4.633,9.052,5.838,78.397,2.29,0.041,0.228,4.796,1.101,13.728,3.49,2.381,1.702,36.728,1.995,0.709,0.099,12.564,15.722,1.354,5.972,17.979,4.414,0.001,0.0,0.175,0.179,0.26,0.12,3.903,1.141,0.765,1.221,3.25,1.437,1.231,5.075,1.811,9.035,2.849,3.447,8.963,4.643,2.227,0.913,13.746,3.04,0.945,5.012,2.574,0.243,0.001,0.208,3.225,3.995,1.853,4.554,7.739,2.604,1.168,0.74,0.131,0.28,0.613,3.984,3.708,1.338,0.465,0.645,0.216,0.034
2019-11-30,2.671,2.951,8.186,9.567,3.586,6.472,2.274,3.09,2.637,70.868,2.063,6.017,4.113,2.247,4.684,9.347,5.831,81.948,2.352,0.004,0.201,4.509,1.414,14.069,3.726,2.505,1.955,37.109,1.979,0.685,0.103,11.654,14.623,1.365,5.938,16.935,4.168,0.001,0.0,0.186,0.181,0.284,0.126,3.758,1.141,0.647,1.127,2.99,1.431,1.157,4.959,1.675,8.659,2.788,3.341,9.316,4.49,2.309,0.892,13.832,3.027,0.974,5.451,2.525,0.21,0.001,0.198,2.729,3.448,1.674,3.98,7.905,2.447,1.099,0.601,0.239,0.221,0.51,3.531,3.241,1.152,0.412,0.559,0.167,0.026
2019-12-31,2.764,3.161,8.524,10.528,3.982,6.547,2.61,3.666,3.126,72.011,2.259,6.373,4.306,2.562,4.805,9.162,6.088,83.212,2.597,0.003,0.209,4.533,2.669,14.644,4.059,2.73,2.265,40.688,2.128,0.718,0.121,11.976,14.993,1.404,6.36,17.326,4.315,0.004,0.0,0.2,0.198,0.3,0.018,3.891,1.322,0.83,1.264,10.125,1.69,1.495,5.861,1.843,9.219,3.379,3.607,9.398,5.4,2.542,1.211,16.042,3.94,1.302,6.963,3.294,0.22,0.001,0.213,3.154,4.027,2.54,5.076,6.818,2.874,1.413,0.706,0.322,0.283,0.479,3.922,3.475,1.278,1.056,0.621,0.193,0.044
2020-01-31,2.285,2.818,7.781,9.124,3.698,5.906,2.366,3.131,2.742,63.837,2.079,5.569,3.633,2.329,4.377,8.223,5.525,72.375,2.536,0.001,0.18,4.144,1.393,13.093,3.498,2.558,2.088,35.027,2.013,0.603,0.09,9.397,12.39,1.264,5.301,15.115,3.662,0.0,0.0,0.179,0.161,0.266,0.017,3.341,0.835,0.652,1.155,4.407,1.466,1.123,4.942,1.721,8.591,2.728,3.137,8.145,4.129,2.125,0.908,13.769,3.138,1.011,5.481,2.483,0.172,0.003,0.211,2.494,3.339,1.828,3.955,7.577,2.364,1.13,0.566,0.264,0.222,0.394,3.014,2.988,1.04,0.437,0.504,0.154,0.029
2020-02-29,2.189,2.776,7.824,8.901,3.644,5.836,2.203,2.99,2.653,65.579,2.066,5.47,3.642,2.155,4.293,8.014,5.616,73.885,2.597,0.002,0.2,4.274,1.061,13.665,4.052,2.462,2.087,35.541,2.2,0.615,0.097,8.807,12.53,1.231,5.186,14.689,3.468,0.0,0.0,0.16,0.169,0.257,0.019,3.37,0.763,0.668,1.056,3.294,1.482,1.14,5.231,1.705,8.772,2.524,3.26,8.076,3.984,2.089,0.891,14.176,3.463,1.151,5.134,2.471,0.159,0.0,0.23,2.455,3.432,1.506,3.954,5.588,2.274,1.188,0.566,0.366,0.291,0.392,3.074,2.896,1.101,0.414,0.477,0.143,0.023
2020-03-31,2.464,3.301,8.38,10.522,3.929,6.604,2.384,3.704,3.295,73.498,2.498,6.158,4.114,2.646,4.944,8.974,6.065,79.024,2.92,0.002,0.211,4.654,1.099,15.391,4.11,2.745,2.425,36.882,2.214,0.728,0.114,10.949,15.468,1.521,6.443,18.019,4.083,0.019,0.0,0.172,0.198,0.276,0.02,3.943,1.068,0.841,1.212,4.076,1.852,1.398,6.798,2.029,9.62,3.181,3.881,9.489,5.042,2.5,1.12,17.724,4.026,1.381,6.477,3.372,0.172,0.001,0.215,2.773,3.486,1.715,4.668,6.982,2.713,1.307,0.646,0.595,0.231,0.473,3.499,3.23,1.243,0.467,0.518,0.155,0.036
2020-04-30,2.533,3.442,7.495,10.401,4.142,7.107,2.469,4.278,3.592,71.533,2.794,6.355,4.357,2.802,5.507,9.701,6.287,60.476,1.836,0.003,0.201,4.237,0.992,15.522,3.681,2.303,2.35,34.35,2.137,0.688,0.113,10.683,14.418,1.482,6.359,17.079,3.85,0.277,0.0,0.171,0.184,0.273,0.02,3.809,0.828,0.576,1.212,2.525,2.06,1.289,5.13,2.059,9.863,3.149,3.581,9.356,4.961,2.568,1.272,16.789,4.482,1.582,8.206,3.466,0.21,0.0,0.113,3.128,2.415,1.441,5.085,7.623,2.949,1.415,0.663,0.204,0.164,0.421,3.429,3.005,1.283,0.483,0.498,0.146,0.029
2020-05-31,2.559,4.284,8.148,12.176,4.91,8.051,2.978,5.354,4.188,81.215,3.331,7.644,4.991,3.142,6.439,11.634,7.196,63.418,2.957,0.002,0.216,5.255,1.205,18.755,4.181,2.812,3.048,40.459,2.569,0.839,0.187,12.368,16.909,1.901,7.856,19.284,4.57,0.018,0.007,0.193,0.169,0.279,0.009,4.56,1.118,0.723,1.488,2.65,2.957,1.919,6.64,2.888,12.847,4.317,4.325,11.767,6.671,3.509,1.351,19.211,6.901,2.273,13.961,4.81,0.222,0.0,0.15,3.006,2.744,1.586,4.71,7.472,4.09,1.532,0.816,0.219,0.178,0.599,3.605,3.447,1.244,0.534,0.509,0.189,0.046
2020-06-30,2.687,4.774,8.908,13.121,5.221,8.232,3.146,5.727,4.385,87.543,3.524,7.333,5.166,3.57,7.105,11.74,7.579,73.874,3.466,0.002,0.19,5.254,1.006,18.617,4.371,2.864,3.171,41.11,2.567,0.872,0.256,14.414,18.734,2.106,8.108,19.308,4.797,0.468,0.021,0.212,0.185,0.302,0.029,4.749,2.244,0.779,1.694,3.701,3.65,2.366,8.244,3.101,14.415,5.017,5.055,13.292,7.299,4.039,2.204,24.026,7.789,2.543,17.332,5.33,0.233,0.0,0.247,2.896,2.997,1.93,4.282,7.443,4.338,1.686,0.675,0.26,0.27,0.635,3.676,3.257,1.137,0.567,0.522,0.211,0.04
2020-07-31,3.186,5.489,10.712,14.426,5.713,8.862,3.38,6.781,5.249,88.879,3.903,8.512,5.505,4.084,7.416,12.986,8.156,77.719,3.844,0.006,0.231,6.17,1.045,20.813,4.582,3.172,3.811,44.677,2.907,0.986,0.347,18.428,23.89,2.449,9.689,22.016,5.862,1.762,0.021,0.215,0.201,0.314,0.036,5.218,4.171,0.938,2.133,3.846,4.118,2.965,12.569,3.82,15.54,6.505,5.597,14.461,9.174,4.776,2.687,33.683,8.986,2.919,21.49,6.804,0.313,0.0,0.327,2.983,4.005,2.392,4.958,7.75,5.03,1.89,0.784,0.218,0.309,0.572,3.916,3.715,1.294,0.529,0.562,0.235,0.048
2020-08-31,3.322,5.35,11.166,14.395,5.752,8.7,3.261,6.829,5.183,89.801,3.847,8.398,5.426,3.975,7.701,12.858,8.056,80.513,3.801,0.012,0.202,6.044,1.068,20.351,4.197,3.101,3.754,44.392,2.758,1.046,0.42,20.037,25.758,2.731,10.878,22.531,6.434,3.101,0.037,0.206,0.215,0.308,0.02,5.342,5.721,0.79,2.086,4.95,4.107,2.955,11.402,3.607,15.394,6.784,5.683,13.992,9.3,4.591,2.719,33.023,9.378,3.173,21.63,7.19,0.374,0.001,0.344,3.696,4.39,2.249,5.571,7.869,5.194,1.951,0.674,0.241,0.32,0.49,3.747,3.578,1.249,0.562,0.627,0.211,0.041
2020-09-30,2.72,4.825,10.182,13.865,5.502,8.075,3.155,6.485,4.842,84.508,3.721,7.647,5.143,3.862,7.008,11.564,7.747,82.471,3.522,0.009,0.212,5.557,1.409,17.204,3.556,3.187,3.155,44.701,2.479,1.048,0.351,16.535,22.788,2.591,9.598,21.378,5.418,0.163,0.024,0.205,0.234,0.316,0.03,5.272,5.598,1.151,1.876,4.449,3.495,2.58,10.69,3.21,14.478,6.066,5.43,13.496,8.362,4.361,2.551,30.653,9.096,2.902,19.143,6.918,0.231,0.002,0.282,3.0,4.836,2.049,4.902,7.98,5.267,1.782,0.619,0.243,0.322,0.505,3.456,3.315,1.237,0.596,0.631,0.232,0.02
2020-10-31,2.855,5.075,10.703,13.946,5.621,8.106,3.115,6.907,4.941,88.7,3.837,8.312,5.051,3.833,7.032,12.007,8.022,86.275,3.622,0.006,0.217,5.922,1.295,17.646,3.59,3.274,3.301,47.09,2.663,1.163,0.373,14.668,20.803,2.898,11.618,21.946,5.425,0.845,0.021,0.235,0.228,0.317,0.013,5.643,6.498,1.444,2.024,4.813,3.692,2.686,11.146,3.212,14.929,6.791,5.534,13.14,9.132,4.534,2.163,31.97,9.951,3.318,19.778,7.871,0.248,0.001,0.359,3.335,4.886,2.487,5.218,8.87,5.423,1.788,0.697,0.212,0.437,0.556,3.738,3.661,1.352,0.687,0.705,0.255,0.035
